x,y,h,w,c_x,c_y,class
329.3653,46.42346,351.84714,127.3996,393,222,4
330.08698,47.96671,354.09747,125.90485,393,225,4
329.92236,48.406605,353.50262,125.87219,392,225,4
329.74066,48.147655,353.8988,126.44736,392,225,4
330.84283,47.681965,354.734,124.86786,393,225,4
331.07578,49.396633,351.75516,124.89694,393,225,4
331.85284,49.013,352.6396,123.589355,393,225,4
332.85977,46.940876,357.15778,122.39664,394,225,4
334.93256,46.30148,360.51834,120.00302,394,226,4
335.82944,46.31441,361.74228,119.782135,395,227,4
336.2413,47.249306,360.19638,119.70651,396,227,4
335.63763,49.689217,355.64056,120.68994,395,227,4
334.3431,50.00227,361.68344,121.5224,395,230,4
333.60367,52.214157,355.31012,122.78903,394,229,4
334.75635,50.883392,358.48013,121.46207,395,230,4
334.28027,51.33203,354.6536,121.87323,395,228,4
334.58777,49.427475,358.9749,120.8262,395,228,4
335.47876,50.528942,358.75967,119.814026,395,229,4
333.40634,50.259403,359.61377,122.58127,394,230,4
332.98676,50.038162,355.98242,123.57428,394,228,4
332.95352,48.38442,357.1432,123.14798,394,226,4
335.53992,47.303154,359.9457,119.77142,395,227,4
335.25864,47.62602,359.4388,120.45413,395,227,4
335.4282,46.671867,359.7339,120.58499,395,226,4
333.9496,48.041595,359.11877,120.08316,393,227,4
336.05066,48.656887,360.00168,119.31906,395,228,4
335.83694,48.683266,356.93628,119.313934,395,227,4
333.94666,46.81778,359.53638,122.18762,395,226,4
335.14252,48.26916,357.69907,120.6087,395,227,4
336.04614,47.906628,360.53137,118.949646,395,228,4
332.82336,47.1586,359.54807,123.325165,394,226,4
335.2459,46.692623,359.05106,120.9541,395,226,4
335.75012,46.284225,359.66504,119.562256,395,226,4
335.43665,46.01483,360.27246,121.23761,396,226,4
336.08142,46.20306,359.86484,119.66745,395,226,4
335.8227,47.780655,359.68646,119.60501,395,227,4
335.27765,46.10182,357.93164,121.53076,396,225,4
333.98804,45.50613,360.7336,122.44156,395,225,4
333.72296,47.62712,360.00714,122.270325,394,227,4
334.3307,48.07408,358.35107,121.960754,395,227,4
335.7419,45.472713,362.82794,119.94028,395,226,4
333.80966,45.805706,361.3069,123.166016,395,226,4
334.04755,47.82316,358.40588,123.06183,395,227,4
334.24243,50.63042,356.89706,122.11035,395,229,4
333.7109,50.494022,356.7237,123.47662,395,228,4
335.00037,49.17416,359.80087,121.54498,395,229,4
333.871,49.077457,357.5558,122.477875,395,227,4
336.18817,48.155167,360.36212,119.742645,396,228,4
336.85156,49.758568,359.62463,119.76178,396,229,4
334.9799,50.50096,359.3437,122.360016,396,230,4
335.29993,50.562958,357.80893,122.52545,396,229,4
335.33997,48.882668,358.3931,120.76123,395,228,4
337.2357,48.397007,361.5113,118.73218,396,229,4
336.1874,49.847275,357.93762,118.5372,395,228,4
332.78088,50.940384,353.3792,121.030914,393,227,4
331.16193,50.860863,355.9444,123.1427,392,228,4
332.07504,50.57712,355.63843,122.5354,393,228,4
333.85266,48.452297,356.62204,121.09534,394,226,4
332.3383,48.849407,358.38403,121.600494,393,228,4
335.3249,48.59353,358.9397,119.98273,395,228,4
336.20172,46.69397,364.96466,116.95557,394,229,4
336.64532,48.625145,360.79977,119.15103,396,229,4
334.85272,51.80992,356.9027,121.71695,395,230,4
335.57492,51.091846,358.17966,120.42087,395,230,4
334.6219,50.380367,358.74292,120.90866,395,229,4
334.98706,50.88883,358.76028,120.73474,395,230,4
334.9259,50.56808,359.46124,121.38254,395,230,4
335.49924,50.327324,361.0102,120.4368,395,230,4
335.02472,51.67269,359.3517,120.337524,395,231,4
335.38605,50.923676,358.0088,120.29645,395,229,4
333.88318,51.045013,358.94534,122.27615,395,230,4
335.28226,52.380768,356.01846,121.65091,396,230,4
333.56308,52.081604,356.9395,122.65735,394,230,4
334.39966,53.1414,359.2341,121.90674,395,232,4
335.46964,54.478912,356.6606,120.355194,395,232,4
334.4588,52.735905,356.10388,122.35062,395,230,4
333.25714,53.113804,357.60654,123.33359,394,231,4
334.83627,54.775543,357.79373,121.77521,395,233,4
333.58932,54.297222,356.13992,123.21896,395,232,4
333.14,55.62455,354.18042,122.51523,394,232,4
333.8819,53.42115,359.07074,121.1564,394,232,4
333.46927,54.718853,356.83377,122.77609,394,233,4
334.63275,57.10735,356.36127,121.193695,395,235,4
335.32007,54.955044,359.17334,122.319885,396,234,4
334.57504,56.48672,359.25024,122.50101,395,236,4
334.24097,56.4509,357.33612,122.66437,395,235,4
334.8792,55.650932,357.2342,122.0661,395,234,4
335.97794,54.8891,359.88287,121.192474,396,234,4
333.95142,56.19989,356.84503,124.08765,395,234,4
334.40863,55.71067,355.9633,124.279755,396,233,4
334.75977,57.073715,357.4455,123.08179,396,235,4
335.65292,57.028687,357.92618,123.07645,397,235,4
335.86542,57.185596,356.96527,123.126526,397,235,4
336.04355,57.164196,357.54297,123.90292,397,235,4
335.17273,55.21149,360.87927,124.296814,397,235,4
334.46265,56.48506,357.67798,124.94382,396,235,4
334.78033,55.785255,360.69894,124.31177,396,236,4
335.27234,56.942856,360.94574,124.21768,397,237,4
336.22217,58.132137,359.71075,122.46484,397,237,4
336.21533,57.205124,361.3346,122.996155,397,237,4
334.25723,59.412674,360.69104,124.06433,396,239,4
334.20624,58.977028,362.10703,125.04138,396,240,4
335.40024,58.936142,363.68958,123.15491,396,240,4
332.1254,58.18804,364.078,127.0932,395,240,4
332.34503,57.237583,365.18182,126.73624,395,239,4
332.22894,58.2219,363.93793,127.553345,396,240,4
333.10956,56.79889,366.66754,126.26666,396,240,4
330.72852,59.121765,363.5645,128.6672,395,240,4
332.51083,60.02728,363.33316,127.15079,396,241,4
333.29425,58.564026,363.4567,126.052795,396,240,4
334.39294,60.04074,360.7084,125.7717,397,240,4
333.51407,58.729034,360.38644,126.1629,396,238,4
334.5338,56.4299,363.10312,123.49686,396,237,4
333.83865,58.836193,360.96835,124.22104,395,239,4
334.1969,56.78424,359.9475,123.98096,396,236,4
333.43475,56.318134,357.81274,124.30621,395,235,4
335.0024,58.36002,354.21304,123.45282,396,235,4
335.58295,56.12426,356.89444,122.12158,396,234,4
334.05624,53.583168,357.05414,123.259125,395,232,4
334.5437,55.00554,358.0855,123.45755,396,234,4
334.00726,54.09924,358.80078,123.76245,395,233,4
333.6293,54.897552,357.57773,124.67209,395,233,4
332.50177,52.79586,358.51572,125.29724,395,232,4
332.9556,54.685436,358.6672,124.302155,395,234,4
333.1432,55.550236,357.98764,124.65634,395,234,4
333.65372,54.88754,357.7111,124.16153,395,233,4
333.63712,53.340256,358.7932,123.836395,395,232,4
331.73587,54.12951,359.6623,126.87463,395,233,4
334.88306,54.281887,359.79773,122.8667,396,234,4
335.25696,57.07522,357.61322,122.1254,396,235,4
334.63776,56.783638,358.77774,123.20105,396,236,4
334.60486,56.363754,359.9118,123.68356,396,236,4
333.4758,56.019287,360.58325,124.38327,395,236,4
331.71262,53.495964,359.2273,125.83652,394,233,4
332.2752,53.09834,357.62247,124.35742,394,231,4
332.29465,53.47614,359.31976,124.11145,394,233,4
332.21817,53.497795,359.86023,124.45969,394,233,4
331.6891,53.170837,360.08847,124.590546,393,233,4
333.84433,52.71495,357.75232,121.99997,394,231,4
332.50992,51.697342,359.0172,122.747406,393,231,4
332.52286,52.385643,357.03607,123.41632,394,230,4
332.44138,50.858246,357.18176,122.30072,393,229,4
335.13574,50.83527,358.9875,119.73456,395,230,4
333.46307,49.06447,361.27057,122.83142,394,229,4
332.9994,50.18592,359.38394,121.70477,393,229,4
330.38715,49.90963,357.06894,123.79285,392,228,4
331.54333,48.666073,359.85715,121.65091,392,228,4
331.9906,49.09754,361.616,122.646484,393,229,4
331.10596,50.467903,356.03564,123.70499,392,228,4
331.32977,51.34951,356.67447,123.025055,392,229,4
332.6967,50.631596,359.69214,121.742676,393,230,4
331.55215,49.718956,356.26358,122.81369,392,227,4
332.04077,49.08165,356.11914,121.81018,392,227,4
332.946,46.315914,361.0829,119.45303,392,226,4
332.59647,48.80732,357.6707,121.15155,393,227,4
332.17194,47.799297,361.47635,121.72775,393,228,4
331.39545,49.363503,356.70453,123.068695,392,227,4
331.10593,48.73894,359.4333,123.34323,392,228,4
332.95874,47.223873,361.45172,121.30255,393,227,4
332.86163,45.629066,361.9231,122.36954,394,226,4
334.4653,46.79083,362.045,119.61551,394,227,4
333.235,47.76894,360.31964,120.93616,393,227,4
333.57007,49.250607,359.3975,121.39612,394,228,4
334.63464,48.98685,359.96588,120.657684,394,228,4
335.07916,49.411697,358.8957,120.28491,395,228,4
334.9422,50.15349,360.39996,120.57675,395,230,4
333.2042,51.026573,357.65717,121.92032,394,229,4
332.9387,51.730442,356.5565,122.915985,394,230,4
332.781,51.16705,358.49695,122.28891,393,230,4
332.621,52.30468,357.40588,122.35507,393,231,4
331.9728,51.95701,357.40244,122.85013,393,230,4
332.3954,52.15492,359.28198,122.809265,393,231,4
334.44965,50.272137,359.65628,121.295715,395,230,4
334.0756,48.453426,360.29434,121.970825,395,228,4
334.81723,49.383057,361.69098,118.82428,394,230,4
333.2127,45.585724,360.9355,120.87375,393,226,4
332.49866,47.171932,358.8127,121.632385,393,226,4
333.78128,46.227707,359.8214,120.49817,394,226,4
334.27792,45.67367,358.55374,119.130615,393,224,4
332.42874,45.455433,356.59662,123.69946,394,223,4
333.94507,47.364037,356.67337,120.783936,394,225,4
332.5095,47.79875,354.55847,121.690094,393,225,4
332.6202,46.49088,358.0,121.64661,393,225,4
333.14893,47.442097,356.71628,121.32184,393,225,4
331.94028,47.141273,358.21448,122.57086,393,226,4
332.87735,46.271225,358.6126,122.53677,394,225,4
333.66727,48.115685,356.44135,120.53885,393,226,4
333.46686,48.624,358.2248,120.503815,393,227,4
334.90442,49.864025,355.93,119.39453,394,227,4
335.50928,50.184944,357.32428,119.556946,395,228,4
335.9515,50.00676,356.43176,119.03143,395,228,4
337.23282,50.192497,358.3143,118.62103,396,229,4
335.31757,52.218662,358.14862,120.46405,395,231,4
336.00064,52.25112,357.26126,119.34073,395,230,4
336.7586,52.75499,357.09998,118.88962,396,231,4
335.3866,53.76274,355.3459,120.68396,395,231,4
335.5997,52.730125,356.9571,120.81546,396,231,4
335.80704,53.67312,355.36646,119.35016,395,231,4
335.5141,52.53888,356.62012,119.76346,395,230,4
336.68097,51.52206,358.14413,117.156006,395,230,4
335.50046,51.392483,358.71826,119.21323,395,230,4
334.93912,51.83348,357.13617,120.835785,395,230,4
336.16885,52.46232,358.05246,119.54379,395,231,4
336.44537,54.577988,355.81628,121.13617,397,232,4
335.32312,53.626457,357.90536,121.91928,396,232,4
334.39716,54.89206,359.3035,123.94293,396,234,4
335.24655,55.42897,355.3034,122.0874,396,233,4
335.3009,58.066734,354.12943,122.1915,396,235,4
334.9157,55.77716,358.55713,121.09021,395,235,4
334.20285,54.276394,359.59775,122.29117,395,234,4
335.52734,55.39604,357.26788,121.398926,396,234,4
334.2417,55.240288,359.67365,123.0578,395,235,4
336.38928,56.146374,358.06454,120.8472,396,235,4
336.2386,55.39258,356.2864,121.00473,396,233,4
334.9341,55.137993,355.7976,122.246735,396,233,4
334.3309,55.132843,356.37054,122.50046,395,233,4
333.8358,55.643536,355.62167,122.59787,395,233,4
334.27515,56.48063,355.5289,121.36188,394,234,4
334.46423,56.579746,355.56555,121.875946,395,234,4
334.4077,55.27981,356.8768,121.689545,395,233,4
335.63998,54.907394,357.30035,120.95215,396,233,4
334.21143,54.34001,357.0451,124.572784,396,232,4
336.52283,56.419228,358.72018,121.450745,397,235,4
333.9843,54.7958,358.23547,125.14975,396,233,4
335.2088,55.347633,359.40057,124.67316,397,235,4
336.67252,56.797787,360.91556,121.28354,397,237,4
335.3344,57.288136,358.7063,123.72815,397,236,4
335.3216,56.95656,357.41724,123.17728,396,235,4
335.33862,58.43213,356.52066,122.59491,396,236,4
335.86087,56.824295,357.6538,123.19266,397,235,4
334.89993,56.46505,357.17276,125.071686,397,235,4
334.7019,55.645195,358.85248,124.640076,397,235,4
335.14398,55.65598,358.8009,122.7038,396,235,4
335.11182,54.892902,361.04132,123.08826,396,235,4
333.27142,57.215137,355.56494,125.32391,395,234,4
335.28397,56.783195,357.90033,122.69095,396,235,4
334.03357,56.13404,358.99683,124.07593,396,235,4
335.4227,55.940968,356.97714,122.935,396,234,4
335.06592,56.416313,355.70538,123.22595,396,234,4
335.57758,55.488068,358.98965,121.315094,396,234,4
335.57574,56.134342,359.16693,121.82214,396,235,4
334.19388,54.937664,358.86722,124.302826,396,234,4
334.79446,55.749634,358.67468,123.286285,396,235,4
335.11478,57.23622,358.45386,122.7771,396,236,4
334.92368,56.575626,356.73163,122.776764,396,234,4
334.56088,55.428944,358.40707,123.11923,396,234,4
333.95053,54.722527,358.03656,124.32855,396,233,4
335.29272,55.21926,356.15436,122.0108,396,233,4
334.57288,55.17228,357.58005,122.96655,396,233,4
334.5447,55.267654,356.659,122.1608,395,233,4
334.88632,54.540108,359.17633,122.09567,395,234,4
334.72324,55.554157,359.67947,122.18091,395,235,4
334.84647,55.011364,359.56433,121.56326,395,234,4
333.80652,54.937862,357.08795,123.820496,395,233,4
334.9379,54.10555,357.75748,122.29947,396,232,4
334.06927,54.97992,359.56857,122.785095,395,234,4
334.00876,54.478485,359.96188,123.3855,395,234,4
334.534,55.00324,358.36395,122.39163,395,234,4
333.6518,52.791565,360.81558,122.51849,394,233,4
335.18854,54.15247,358.96005,121.35327,395,233,4
334.8228,54.387146,357.83206,122.35373,395,233,4
334.1649,53.46485,363.41818,122.92905,395,235,4
334.14923,53.364914,360.61023,122.105896,395,233,4
333.8866,52.94296,361.163,123.168915,395,233,4
334.30133,53.466297,360.1552,122.67099,395,233,4
333.8347,52.65122,363.53717,122.10217,394,234,4
333.46802,54.105762,360.15735,123.255646,395,234,4
334.4178,54.5435,359.57837,122.3728,395,234,4
333.87234,53.46844,360.67493,123.197845,395,233,4
333.44974,53.837284,360.8427,122.67221,394,234,4
334.41974,54.053608,361.6691,121.99109,395,234,4
333.38376,53.78912,362.39072,123.0762,394,234,4
333.99805,54.53878,359.4866,122.97037,395,234,4
335.33826,54.988075,360.87033,121.962524,396,235,4
334.2355,55.565414,359.82166,123.20383,395,235,4
333.83405,54.96102,359.98895,122.8089,395,234,4
333.57355,55.181953,360.61243,121.8728,394,235,4
334.85046,54.440834,358.87744,121.18527,395,233,4
333.28693,53.562027,360.54724,123.14099,394,233,4
333.43182,54.338093,361.84964,122.79346,394,235,4
333.11404,54.12971,359.5833,122.83188,394,233,4
334.08148,54.074608,361.99142,120.21707,394,235,4
334.0252,53.911785,361.01288,121.36606,394,234,4
333.70923,53.095135,364.5842,121.74231,394,235,4
333.59158,53.68691,360.65173,121.60971,394,234,4
332.79413,54.963425,358.596,123.731995,394,234,4
333.70526,56.853416,357.51382,121.76276,394,235,4
334.30893,55.82438,360.8367,122.25708,395,236,4
334.2989,56.946945,358.8307,122.915924,395,236,4
332.98752,55.18982,360.2415,123.369934,394,235,4
334.52808,56.173813,358.22247,122.243744,395,235,4
335.28152,56.089367,359.2527,120.98297,395,235,4
334.63712,54.42734,361.43872,121.23584,395,235,4
334.49933,54.16268,360.38098,121.289795,395,234,4
333.95795,53.9541,361.156,122.075226,394,234,4
333.94717,53.686237,361.66785,122.04114,394,234,4
334.74567,54.539467,359.21573,121.05078,395,234,4
335.51923,55.17118,359.8878,119.05237,395,235,4
334.27942,55.322945,360.044,121.3006,394,235,4
333.92645,55.01182,358.13605,120.58099,394,234,4
333.4099,54.22518,360.22195,122.43384,394,234,4
334.66974,53.546936,357.8189,121.9978,395,232,4
333.6353,53.534447,358.5194,121.64398,394,232,4
332.75302,52.878128,359.63953,121.771576,393,232,4
333.35333,53.461205,358.8577,121.66818,394,232,4
333.6293,51.82493,360.42807,119.898285,393,232,4
332.34497,52.64996,359.43793,122.2276,393,232,4
333.69458,53.63687,358.09094,121.5668,394,232,4
332.78378,52.681602,358.0695,122.85385,394,231,4
332.73804,52.553116,359.07208,122.48523,393,232,4
333.1888,53.432564,359.09537,123.71506,395,232,4
332.31018,53.098225,358.50305,123.62381,394,232,4
333.21835,53.696968,358.30823,123.38687,394,232,4
333.40912,54.016212,356.9899,123.050385,394,232,4
333.73376,55.203053,359.5913,122.3179,394,234,4
334.63196,54.19451,360.7611,121.36432,395,234,4
333.71576,54.57331,361.84705,120.7323,394,235,4
332.8271,53.253666,360.49902,122.564575,394,233,4
334.9018,54.896248,359.09467,120.76721,395,234,4
333.85437,53.85531,360.9197,122.7276,395,234,4
334.18597,53.606155,359.65436,121.83502,395,233,4
333.6765,52.859688,360.26407,121.62756,394,232,4
333.82156,53.310257,360.56702,122.00946,394,233,4
334.19037,54.556046,360.04962,122.1832,395,234,4
333.67078,54.242348,361.20325,122.56421,394,234,4
334.20892,55.290497,360.51144,121.648865,395,235,4
334.42792,55.792294,358.62747,123.6496,396,235,4
334.38257,56.441376,359.20563,123.092834,395,236,4
333.94147,56.788086,358.6994,122.89874,395,236,4
334.23053,57.89878,354.7217,122.86142,395,235,4
335.92896,57.610115,357.77087,121.4798,396,236,4
334.14975,56.478226,358.77094,122.960236,395,235,4
333.83072,55.36001,360.4376,122.892975,395,235,4
334.70276,56.34919,358.48032,122.37851,395,235,4
334.38257,55.83983,358.4071,123.05444,395,235,4
333.98767,57.232403,358.95425,123.0141,395,236,4
333.86414,57.272446,356.65875,122.503845,395,235,4
334.52625,56.113472,359.73346,121.21518,395,235,4
334.7774,55.807816,359.56787,122.201294,395,235,4
334.6427,54.489113,359.53232,121.84247,395,234,4
334.3489,56.563553,360.40143,120.89401,394,236,4
333.06128,55.192566,358.20685,123.34448,394,234,4
334.46588,57.795036,358.74222,122.31769,395,237,4
334.48584,57.262146,358.83685,121.98801,395,236,4
336.07242,57.281883,361.9595,120.01935,396,238,4
334.18353,57.32433,359.80667,123.30066,395,237,4
334.0999,57.47419,362.5768,123.56125,395,238,4
333.7248,58.768116,358.29715,123.64719,395,237,4
334.87335,58.792107,359.7872,120.57022,395,238,4
334.58856,57.805794,362.2406,122.113556,395,238,4
333.54132,58.725643,358.65118,123.55859,395,238,4
334.5445,58.960632,358.31253,121.9931,395,238,4
334.07944,58.628254,358.50616,123.69647,395,237,4
335.17746,59.096832,358.64444,121.84024,396,238,4
335.13074,58.8491,359.9599,122.42291,396,238,4
334.4435,59.68097,357.85892,122.58942,395,238,4
334.8143,57.45346,360.12494,122.47006,396,237,4
335.32834,56.551292,360.42892,121.90488,396,236,4
334.44092,55.46708,360.13358,122.3548,395,235,4
335.05286,56.511513,359.6909,121.349396,395,236,4
335.43698,57.366844,358.81866,121.21658,396,236,4
334.2237,58.06227,359.94067,123.65344,396,238,4
334.3684,59.009186,356.28925,122.21747,395,237,4
334.3182,58.942394,359.18466,123.2742,395,238,4
334.92496,58.900566,360.51807,121.70871,395,239,4
333.12695,58.632015,358.4351,123.35254,394,237,4
334.5616,58.61093,360.21518,121.06143,395,238,4
334.3866,59.86779,355.2041,121.38934,395,237,4
333.52573,58.434204,358.63486,121.70621,394,237,4
334.71246,58.915085,356.43512,121.118225,395,237,4
335.6522,59.566154,356.78345,119.79904,395,237,4
333.94913,59.086678,355.84784,122.55951,395,237,4
334.24115,60.05865,355.39578,122.41907,395,237,4
333.83557,59.942894,355.62946,122.06406,394,237,4
334.76428,59.99923,357.22577,121.14023,395,238,4
334.6542,57.741093,359.35132,121.94119,395,237,4
334.79916,59.145412,358.1526,121.43326,395,238,4
334.82224,56.49682,359.69708,121.59149,395,236,4
334.44446,55.8925,359.73285,122.1911,395,235,4
334.86102,57.540764,358.71393,121.27008,395,236,4
333.45215,56.098907,358.26077,123.24536,395,235,4
335.668,55.41358,360.8004,120.78671,396,235,4
335.15887,55.19201,361.12048,121.49963,395,235,4
335.61218,58.323856,359.07114,120.52554,395,237,4
335.7472,57.753254,359.99728,120.97507,396,237,4
334.22754,59.01133,357.03302,122.842316,395,237,4
333.91437,57.913315,358.18988,123.1575,395,237,4
334.9226,57.401016,358.79138,122.76044,396,236,4
334.54956,57.984695,357.0943,123.39902,396,236,4
334.80664,58.39351,355.11053,123.24371,396,235,4
334.97882,58.470055,358.63257,122.97229,396,237,4
335.6037,58.837208,356.9022,122.08649,396,237,4
334.98596,58.03665,354.85178,123.40207,396,235,4
336.23822,57.31958,357.11877,122.629395,397,235,4
336.37115,57.4317,358.19083,122.38498,397,236,4
336.47498,59.150475,355.93353,122.1236,397,237,4
336.9934,58.383636,356.37177,122.371765,398,236,4
337.91473,57.428886,359.15204,121.45068,398,237,4
335.23602,56.989548,359.1985,124.30432,397,236,4
336.41785,57.740536,357.81656,123.910095,398,236,4
335.53778,57.678993,359.0396,124.17267,397,237,4
335.60886,56.465076,361.2495,124.81305,398,237,4
335.81628,58.240086,359.85162,124.657715,398,238,4
334.489,58.346016,359.76047,127.0564,398,238,4
334.85257,59.362064,359.13763,127.076294,398,238,4
335.31387,59.60974,358.53284,127.06909,398,238,4
335.03638,59.449852,360.94565,127.23746,398,239,4
336.13998,58.873528,363.10776,127.565094,399,240,4
335.92288,59.991287,363.1029,128.5563,400,241,4
335.63782,59.734653,364.14816,127.721436,399,241,4
335.61557,60.009556,361.2276,128.01727,399,240,4
334.59244,58.21465,362.32706,130.0773,399,239,4
334.49756,57.76444,362.24765,130.14359,399,238,4
333.80276,56.544285,364.38324,131.28738,399,238,4
334.21964,54.382267,364.2027,131.58069,400,236,4
334.61737,53.76706,364.90973,130.24686,399,236,4
335.43085,52.7528,363.37155,129.39081,400,234,4
335.59024,53.798546,359.65503,129.14484,400,233,4
335.6804,54.230747,355.8542,129.72733,400,232,4
332.8969,51.716667,358.2024,132.98386,399,230,4
332.59442,53.64248,357.5513,133.58597,399,232,4
332.0481,50.49022,357.9046,134.62811,399,229,4
333.9192,51.060062,355.0056,133.65839,400,228,4
334.42413,52.17014,354.05582,133.1116,400,229,4
332.9566,52.006687,355.58633,134.67664,400,229,4
333.57755,51.36639,356.9142,133.94156,400,229,4
332.7702,51.915894,357.76532,134.4867,400,230,4
333.40576,50.58686,358.80103,135.83325,401,229,4
333.53638,51.158253,358.2901,134.92303,400,230,4
333.5092,51.68744,359.37704,135.91928,401,231,4
333.94318,51.5622,361.63242,134.30206,401,232,4
332.16022,52.29355,361.68213,135.15784,399,233,4
331.69736,53.337193,359.31107,136.33255,399,232,4
332.85355,52.531,362.7862,134.12961,399,233,4
333.11926,53.37822,359.7755,133.32007,399,233,4
333.6612,51.85527,361.6996,132.97604,400,232,4
332.59082,51.729397,362.36407,134.3891,399,232,4
332.57715,51.85707,361.60638,132.7898,398,232,4
333.4829,50.360313,363.2799,131.63159,399,232,4
332.95163,51.73077,362.8532,132.04373,398,233,4
332.07172,50.508156,362.96036,132.66245,398,231,4
333.78198,51.44345,363.04395,130.8114,399,232,4
332.77438,54.57268,359.42935,130.99814,398,234,4
336.00888,53.45378,359.89545,126.08496,399,233,4
334.35944,55.031578,358.35873,127.95456,398,234,4
335.11572,56.705376,356.9016,126.05875,398,235,4
334.8532,57.100525,356.38437,126.354645,398,235,4
335.85294,53.01729,363.10364,123.51593,397,234,4
334.88733,55.485935,359.7007,124.2384,397,235,4
334.00647,53.6071,360.27997,121.65222,394,233,4
331.08813,55.29991,359.15027,125.31268,393,234,4
329.35602,54.45524,358.30942,124.691345,391,233,4
327.12274,54.021877,359.84076,126.439606,390,233,4
325.01376,54.24521,356.73712,128.29007,389,232,4
324.5672,52.0669,360.45557,126.973755,388,232,4
323.40472,51.274754,364.23212,126.58945,386,233,4
323.14877,53.84581,356.95105,125.83896,386,232,4
324.05115,52.8068,356.26645,124.41394,386,230,4
320.63733,54.65335,357.17807,126.16144,383,233,4
321.45233,55.33489,355.8033,125.28076,384,233,4
319.86313,56.536133,353.4839,125.3183,382,233,4
321.7836,56.57623,352.96686,123.287384,383,233,4
319.5571,56.783493,352.09766,125.18405,382,232,4
318.86783,55.472046,356.03827,124.657745,381,233,4
319.15256,53.215385,358.9554,124.38458,381,232,4
316.4239,54.87129,356.60928,125.42972,379,233,4
315.3374,55.201866,354.20172,126.52219,378,232,4
314.46112,53.85837,357.48468,125.44733,377,232,4
313.4899,54.72071,356.05713,125.43512,376,232,4
314.47665,54.666267,357.80228,122.737946,375,233,4
312.68185,56.795525,353.90482,122.898926,374,233,4
312.8957,57.61577,358.4383,121.89569,373,236,4
312.12488,57.389675,361.99103,124.25104,374,238,4
311.62537,57.759163,357.97397,124.21515,373,236,4
310.22977,56.782036,360.59454,126.212036,373,237,4
310.43298,56.034435,359.93286,124.578,372,236,4
310.1373,57.11486,359.7873,124.7879,372,237,4
311.32806,58.78807,356.79083,123.90204,373,237,4
309.98346,56.7338,357.51434,125.726074,372,235,4
310.07013,56.372524,357.43936,125.48352,372,235,4
310.29636,60.116745,356.30872,121.91785,371,238,4
310.1862,60.51747,354.68323,121.60385,370,237,4
310.25354,59.313812,356.7201,121.98584,371,237,4
312.63184,58.172523,352.90933,120.994415,373,234,4
312.31766,57.163338,353.92944,122.00882,373,234,4
312.363,56.7979,353.74796,121.21765,372,233,4
311.78653,59.4854,355.294,120.45972,372,237,4
312.0373,59.2726,356.29144,118.71289,371,237,4
310.87897,58.201477,356.96585,121.61517,371,236,4
310.2153,59.41814,358.66217,120.43222,370,238,4
311.16278,58.489235,356.9346,119.622284,370,236,4
312.0745,56.472702,356.71448,120.9765,372,234,4
311.4209,57.65844,355.23105,122.83737,372,235,4
311.3575,58.850826,355.03137,123.10025,372,236,4
311.41666,59.71088,354.2107,123.42624,373,236,4
313.24826,59.154926,354.52597,121.081116,373,236,4
313.60452,59.415077,353.72098,121.413666,374,236,4
315.2039,60.23306,356.28012,119.244385,374,238,4
315.49863,61.658894,357.8067,120.20438,375,240,4
315.2972,60.06828,355.4442,120.1434,375,237,4
313.44995,57.83847,357.5973,122.06372,374,236,4
315.68707,58.605995,357.13556,119.74432,375,237,4
313.529,60.83672,352.69696,121.89398,374,237,4
313.96487,60.587456,354.6413,121.80594,374,237,4
314.75647,61.722336,352.7915,121.10449,375,238,4
313.5071,60.622902,358.5755,120.95795,373,239,4
313.5947,59.83306,357.88266,119.16333,373,238,4
312.98398,60.55485,359.06595,119.144806,372,240,4
312.8723,59.427067,357.67804,120.74609,373,238,4
314.17853,58.340794,359.11673,120.39667,374,237,4
313.6304,59.327675,359.8645,120.75156,374,239,4
313.55286,57.038925,363.2845,119.24432,373,238,4
314.05835,57.406254,362.39075,120.577515,374,238,4
313.74762,59.600227,358.71423,119.490295,373,238,4
312.9361,56.989258,363.8718,119.64331,372,238,4
311.9262,61.269623,358.12888,121.8923,372,240,4
311.83643,61.942047,356.26398,120.58124,372,240,4
311.81238,59.81821,358.31796,121.2345,372,238,4
313.32025,60.422558,360.6477,119.80658,373,240,4
311.73834,59.23286,360.12885,120.58481,372,239,4
309.63043,56.870884,362.61624,122.27585,370,238,4
310.04877,59.804436,359.43533,122.11069,371,239,4
310.67673,60.3267,364.98785,122.411285,371,242,4
310.19815,57.535442,370.97983,123.1066,371,243,4
311.2025,61.533794,370.45132,122.00839,372,246,4
310.66486,63.913593,364.94247,122.25952,371,246,4
311.15012,65.693565,365.5931,122.21353,372,248,4
309.24176,65.822586,364.64398,124.18982,371,248,4
310.19012,65.32435,362.56012,123.502655,371,246,4
310.44977,61.880753,368.01917,122.56622,371,245,4
310.81293,61.573433,364.32193,121.73758,371,243,4
310.6479,61.526928,363.58047,123.45734,372,243,4
310.73538,59.74491,364.0209,123.25311,372,241,4
311.7489,61.346783,365.9541,121.32733,372,244,4
310.16833,57.20837,368.38092,122.460144,371,241,4
311.01328,55.49233,369.92822,122.31329,372,240,4
311.10123,55.539135,369.8337,122.28058,372,240,4
311.35248,55.221603,366.5522,121.63605,372,238,4
311.45755,56.46967,365.18286,120.84982,371,239,4
310.64954,58.136803,365.30988,121.885925,371,240,4
311.12317,58.07646,364.19586,122.215454,372,240,4
311.3055,60.3577,363.825,120.96683,371,242,4
310.79282,59.541176,361.8871,123.00873,372,240,4
309.11194,59.726402,365.3268,124.3949,371,242,4
308.77704,60.112423,362.71393,124.41354,370,241,4
310.46442,60.421772,364.0354,122.43451,371,242,4
308.94507,60.7992,363.83435,123.76871,370,242,4
309.61392,61.935196,361.94165,122.778595,371,242,4
308.9188,61.718185,362.26288,124.38217,371,242,4
309.80402,63.241497,362.26804,123.36386,371,244,4
309.18652,64.40537,358.91907,123.96716,371,243,4
308.22552,64.66777,360.96967,124.10678,370,245,4
308.86365,65.31588,362.4258,123.40344,370,246,4
308.1793,63.126396,364.84155,124.54831,370,245,4
309.28818,64.79436,360.70013,123.5997,371,245,4
309.1624,66.46145,357.84726,124.34442,371,245,4
310.1828,66.85803,356.17578,123.45596,371,244,4
309.55457,67.12555,356.2797,124.09613,371,245,4
309.0544,65.62358,359.69873,124.927155,371,245,4
309.15433,64.123436,358.5606,123.29291,370,243,4
309.68787,62.43572,359.0877,123.45285,371,241,4
309.79114,58.906673,360.9445,123.61267,371,239,4
309.50018,59.160133,360.35574,123.57269,371,239,4
309.79596,57.12052,360.15814,123.08771,371,237,4
310.10428,56.775955,361.39484,122.699615,371,237,4
309.62952,57.78471,358.02283,124.35959,371,236,4
309.4388,56.984795,360.18036,125.018585,371,237,4
310.05582,54.89569,361.07016,124.57007,372,235,4
310.94955,55.685448,363.7364,123.40738,372,237,4
311.8646,58.084846,358.5238,121.35504,372,237,4
310.43378,59.465134,357.4887,123.51831,372,238,4
311.8259,59.566696,358.62,122.75342,373,238,4
311.272,62.596035,356.74884,123.58511,373,240,4
311.57315,61.34574,360.05066,122.2135,372,241,4
312.79214,63.93305,357.26114,121.13327,373,242,4
312.46124,64.70084,360.87485,122.3136,373,245,4
311.3988,64.48375,359.39557,122.92218,372,244,4
311.61273,63.126484,361.53137,123.29736,373,243,4
312.17474,66.445724,361.51398,122.70526,373,247,4
311.49524,65.42613,361.25146,124.12302,373,246,4
311.85266,66.36363,360.19873,123.13437,373,246,4
312.03638,66.16828,362.71112,122.78143,373,247,4
312.2294,65.69172,364.43115,122.99844,373,247,4
312.26273,66.19104,361.0675,123.27554,373,246,4
312.75375,68.58044,360.0709,121.979675,373,248,4
311.9907,67.30936,359.823,123.18277,373,247,4
312.71222,66.908356,358.44794,122.29498,373,246,4
314.0266,65.74362,361.1845,120.671234,374,246,4
313.12772,63.51551,360.23627,121.772125,374,243,4
313.11957,64.065384,362.0688,121.74994,373,245,4
313.24298,63.804344,359.09827,121.59097,374,243,4
312.82703,63.848564,359.60953,122.15149,373,243,4
312.6225,64.39463,362.07117,122.94916,374,245,4
313.15106,64.12279,364.18683,122.45438,374,246,4
314.3391,65.132515,361.11127,121.03424,374,245,4
314.79764,64.603775,359.65753,121.142456,375,244,4
314.32794,64.75948,362.11365,121.28134,374,245,4
314.40564,63.15807,362.3615,121.324005,375,244,4
314.79373,64.51453,359.56885,120.83359,375,244,4
313.7473,65.88701,359.96704,122.226746,374,245,4
313.91922,65.78118,360.59863,121.6539,374,246,4
313.93265,66.10339,360.61786,121.60574,374,246,4
312.79272,67.73975,359.92596,121.70245,373,247,4
313.4656,66.28926,356.7202,120.99985,373,244,4
312.19635,64.8128,358.5876,122.31329,373,244,4
312.50745,64.52481,355.28168,122.61325,373,242,4
312.3898,65.22905,356.8584,123.020905,373,243,4
312.18228,63.939457,358.86337,122.85159,373,243,4
312.79697,61.39236,359.30194,123.241974,374,241,4
311.985,61.807323,362.0394,123.60092,373,242,4
311.3184,62.75142,359.94067,123.41507,373,242,4
312.27097,62.058735,358.97098,122.94708,373,241,4
312.3023,63.497044,360.142,122.52533,373,243,4
311.5672,62.20273,360.24326,123.950806,373,242,4
312.0658,65.148254,355.95667,123.83356,373,243,4
312.36804,63.31448,359.68027,122.145874,373,243,4
312.0678,64.112595,355.4071,122.55475,373,241,4
313.4591,64.68099,358.343,120.52411,373,243,4
311.07867,64.005646,357.52472,123.75412,372,242,4
311.91122,65.46106,356.4975,122.73523,373,243,4
312.1744,65.059616,356.89282,122.29819,373,243,4
312.1767,64.79779,359.42688,122.27078,373,244,4
312.27063,65.272964,357.44476,122.309784,373,243,4
311.99863,64.34071,357.03345,121.99066,372,242,4
313.14404,64.7886,357.14566,120.73386,373,243,4
312.20563,65.587524,356.67853,121.74518,373,243,4
313.14813,63.512566,355.50092,121.212524,373,241,4
312.9114,64.70666,359.05914,120.9483,373,244,4
311.16504,65.09012,357.70578,123.07907,372,243,4
310.76544,64.48329,356.85187,124.12729,372,242,4
311.45862,64.587166,357.39825,123.88107,373,243,4
310.12338,63.900818,360.87314,124.23294,372,244,4
310.72186,62.72541,358.68875,123.686646,372,242,4
310.6553,64.251465,358.21646,123.761536,372,243,4
310.79706,65.87814,357.5263,124.52869,373,244,4
309.7539,66.22616,359.5726,125.72061,372,246,4
310.82782,65.97192,355.2586,125.141846,373,243,4
310.34955,65.96231,360.25543,126.18994,373,246,4
311.0874,65.60728,361.29593,125.23273,373,246,4
311.06085,66.17709,358.19995,124.34122,373,245,4
310.95413,66.477974,359.6231,124.68796,373,246,4
311.81586,67.25846,360.8556,123.455444,373,247,4
311.83017,68.06159,356.85907,123.663574,373,246,4
312.71774,66.9234,361.6515,122.89017,374,247,4
311.65134,65.35448,363.27777,124.56711,373,246,4
311.95767,66.51901,364.03598,123.446686,373,248,4
311.25708,67.638916,360.28143,124.03076,373,247,4
311.99704,67.63846,364.2709,123.62933,373,249,4
311.92014,66.62075,360.45764,123.02704,373,246,4
312.64548,66.542274,363.09198,122.043396,373,248,4
312.21472,67.74402,361.3274,122.84973,373,248,4
312.31396,67.260574,359.84167,122.82596,373,247,4
312.75223,68.9774,359.93567,122.42447,373,248,4
313.04877,67.08404,360.0063,122.711426,374,247,4
313.05713,67.23397,359.27536,122.41177,374,246,4
313.30472,66.759384,359.89307,121.13068,373,246,4
313.14023,67.0271,359.1965,121.21683,373,246,4
311.8832,67.31099,358.16284,122.99295,373,246,4
312.57166,67.348465,358.5288,122.61017,373,246,4
312.59662,67.486084,356.15686,122.01401,373,245,4
312.968,67.90389,356.90918,121.77597,373,246,4
314.147,67.88148,357.0697,120.931885,374,246,4
313.01556,67.375786,355.79028,121.355194,373,245,4
313.69992,65.435074,358.01636,119.907135,373,244,4
314.1986,64.710556,360.32184,120.23392,374,244,4
313.8811,67.90555,355.2798,119.63995,373,245,4
312.72504,67.08292,355.69635,121.56479,373,244,4
314.399,67.23865,354.38757,120.096924,374,244,4
311.40158,66.071045,355.66113,121.90726,372,243,4
311.8201,66.14867,350.85522,122.57837,373,241,4
312.7916,63.8323,356.59445,121.68558,373,242,4
310.74295,64.54486,358.2447,124.01724,372,243,4
311.72803,66.036575,360.1637,122.4621,372,246,4
310.66037,68.243095,357.6728,123.13513,372,247,4
310.13666,68.051765,358.19952,123.07471,371,247,4
310.81937,66.975464,360.09268,123.08261,372,247,4
310.4733,68.71865,360.94214,122.70651,371,249,4
310.32376,67.12486,356.28278,123.307465,371,245,4
308.9446,66.21589,358.5959,125.01895,371,245,4
309.69122,66.92711,358.72577,123.077515,371,246,4
310.46362,64.38685,361.07297,122.547,371,244,4
309.5526,65.68843,357.30286,123.7937,371,244,4
309.79843,66.1555,358.49066,123.678375,371,245,4
310.9308,64.97424,358.38437,121.670685,371,244,4
310.10876,66.76087,360.38043,122.94272,371,246,4
309.9641,66.028046,361.28644,124.29489,372,246,4
308.9513,65.9061,360.52054,124.60831,371,246,4
310.60245,65.04942,359.49414,121.88013,371,244,4
308.5292,65.78703,358.27948,124.04846,370,244,4
308.32883,65.383804,356.0699,124.78058,370,243,4
307.45776,65.80428,362.40283,126.59729,370,247,4
309.38046,68.46142,358.13654,123.049164,370,247,4
309.9579,68.18264,360.59393,124.148315,372,248,4
310.0867,67.337524,363.16647,123.63089,371,248,4
309.3008,67.39157,360.95776,124.38553,371,247,4
309.52673,66.827614,359.18073,125.092224,372,246,4
309.7607,65.528,357.859,123.56787,371,244,4
310.76062,64.21476,357.25775,123.81244,372,242,4
309.95868,62.01532,360.0592,124.1474,372,242,4
311.14056,62.06597,355.65274,123.305786,372,239,4
311.9558,60.66669,358.60925,122.92401,373,239,4
312.47626,60.95967,354.2071,122.36908,373,238,4
312.74072,59.694313,357.78903,122.39807,373,238,4
312.79007,62.24044,352.19043,122.2966,373,238,4
314.3458,59.326973,354.74426,122.09827,375,236,4
314.05493,61.008495,356.4056,123.20557,375,239,4
315.5047,61.132694,354.46585,123.42078,377,238,4
317.9942,60.93182,354.10538,122.09137,379,237,4
318.85297,61.29085,352.77155,121.70209,379,237,4
318.89682,60.809025,355.93005,121.60779,379,238,4
319.3825,62.88347,356.49615,120.94849,379,241,4
320.05743,62.11062,357.4477,121.36957,380,240,4
319.2429,59.925556,356.3978,123.41443,380,238,4
324.20404,59.64871,356.08487,120.17084,384,237,4
326.26703,57.55448,359.86435,119.37677,385,237,4
327.80624,57.073257,358.16827,120.42511,388,236,4
329.0099,57.759647,358.64133,120.488556,389,237,4
329.4092,57.59574,357.81583,122.91788,390,236,4
329.50345,57.178772,359.50497,124.81082,391,236,4
328.24768,54.61773,361.4568,125.87082,391,235,4
328.9761,55.366646,362.53525,126.2225,392,236,4
328.73596,55.21843,360.9781,127.0271,392,235,4
327.3463,53.62009,362.2445,130.6,392,234,4
331.5149,52.97493,363.71045,127.69165,395,234,4
332.31354,51.540756,362.29858,127.618866,396,232,4
331.50668,51.358982,362.1666,128.50186,395,232,4
332.70135,52.16629,359.96106,128.76593,397,232,4
332.0932,52.29986,360.52188,130.53589,397,232,4
331.78806,53.407246,359.6966,131.51764,397,233,4
331.6823,54.232162,356.53162,132.23639,397,232,4
332.49875,53.061676,360.4277,130.61633,397,233,4
332.80045,54.4285,359.15668,130.62643,398,234,4
334.71463,54.12738,359.86215,127.87106,398,234,4
333.2401,54.555786,356.45956,132.0766,399,232,4
334.72476,54.19155,359.03333,130.32455,399,233,4
334.68857,54.23072,357.8092,131.19537,400,233,4
334.33926,53.346436,359.63867,132.12033,400,233,4
333.60718,52.98137,360.43463,133.34274,400,233,4
334.82837,53.464592,357.85898,132.61118,401,232,4
333.87958,52.33791,358.4311,133.65933,400,231,4
332.97452,51.90804,356.34882,134.42352,400,230,4
335.23605,51.297283,360.2106,132.3128,401,231,4
335.38742,51.318855,359.82,131.32373,401,231,4
333.92798,52.552715,359.78513,133.25928,400,232,4
331.80548,54.61813,357.52432,136.61313,400,233,4
333.18512,56.300854,358.1614,134.48032,400,235,4
333.03217,56.374954,356.15924,135.87076,400,234,4
333.34106,57.391006,354.651,136.00784,401,234,4
335.02335,55.361065,356.57556,133.49521,401,233,4
332.96555,55.455223,358.75555,134.88132,400,234,4
334.5639,56.84552,357.29123,133.26324,401,235,4
335.93042,56.421074,356.8226,132.11029,401,234,4
334.33182,55.13962,360.18982,133.04126,400,235,4
335.57385,54.796715,361.61563,131.70505,401,235,4
335.83594,54.751823,362.2606,131.07117,401,235,4
334.32953,56.721413,358.22144,133.73792,401,235,4
333.21753,56.18933,359.51758,135.42642,400,235,4
332.0166,58.00295,358.38446,136.57562,400,237,4
335.4416,56.407284,360.37405,132.16599,401,236,4
334.60315,56.86788,359.42297,134.00598,401,236,4
334.20898,57.976498,360.62433,134.4342,401,238,4
333.7672,58.335186,361.80792,135.40295,401,239,4
334.04993,57.335285,360.28766,135.46204,401,237,4
335.3326,56.07247,360.49512,132.54526,401,236,4
333.62137,55.760048,361.32352,133.65915,400,236,4
333.61954,55.268784,363.03314,132.86359,400,236,4
333.19098,55.77337,358.49536,132.74594,399,235,4
333.48145,54.02736,359.80084,132.75876,399,233,4
331.63806,55.471973,358.76077,134.38547,398,234,4
331.66592,57.186256,356.83145,133.41476,398,235,4
330.9981,56.208416,358.61664,132.55353,397,235,4
330.41855,58.681328,362.0228,134.23383,397,239,4
330.2792,56.924484,361.94757,133.08627,396,237,4
331.18518,56.90599,363.31317,132.13153,397,238,4
329.20056,56.204597,362.40155,133.29044,395,237,4
326.67773,55.95959,361.60196,134.97504,394,236,4
327.8076,57.652515,362.9416,133.20059,394,239,4
326.56863,58.157585,361.40164,134.15347,393,238,4
326.4174,58.420013,360.86575,133.32083,393,238,4
326.9552,56.460426,361.38953,132.25717,393,237,4
326.00305,58.403706,362.4067,133.24747,392,239,4
325.69186,59.3561,359.6224,131.63669,391,239,4
325.2986,60.143066,359.3796,132.0268,391,239,4
325.42996,59.49673,367.52335,129.90753,390,243,4
323.1206,58.905674,367.13184,129.78494,388,242,4
321.63638,60.77156,360.862,129.98853,386,241,4
322.38376,57.75517,361.106,129.66064,387,238,4
323.39612,60.47915,357.53592,127.78519,387,239,4
322.1661,58.468365,357.13763,129.21039,386,237,4
320.645,56.152096,357.39224,129.69827,385,234,4
319.50113,55.024483,361.2927,130.01022,384,235,4
319.78473,55.746216,361.11273,128.94547,384,236,4
318.43436,56.93985,361.66263,130.91077,383,237,4
319.5799,56.90752,358.67792,130.7114,384,236,4
321.43436,56.744556,358.55606,129.22498,386,236,4
321.65695,58.584465,359.94296,128.05847,385,238,4
320.74612,59.377426,360.1089,130.30597,385,239,4
321.38974,58.09506,363.51953,127.8483,385,239,4
320.01178,56.72416,362.76248,129.46945,384,238,4
321.28513,57.113457,365.35934,128.30234,385,239,4
321.06998,59.823776,360.44434,128.51358,385,240,4
320.23163,61.1894,364.3328,129.53397,384,243,4
320.08722,60.845116,357.18277,129.84802,385,239,4
319.30768,59.46646,360.6659,130.64282,384,239,4
319.705,61.687057,362.31677,130.53198,384,242,4
319.62927,60.01173,361.71097,130.0924,384,240,4
320.3079,57.933426,361.98212,128.65854,384,238,4
320.85666,59.832657,358.92194,128.44617,385,239,4
319.71918,60.31879,357.58878,129.75885,384,239,4
319.84174,60.544037,359.29,129.26974,384,240,4
317.95105,60.403103,359.2697,132.24207,384,240,4
317.59747,61.706,359.809,131.58331,383,241,4
317.99228,58.972248,361.46472,131.05167,383,239,4
318.8471,60.20665,363.34955,131.66666,384,241,4
318.21735,61.10291,365.32443,132.79248,384,243,4
318.93298,59.82588,364.37573,130.7904,384,242,4
318.71558,60.49852,362.4439,130.84955,384,241,4
317.9856,62.15887,359.98837,132.62592,384,242,4
317.24432,61.805435,360.87048,132.99866,383,242,4
315.5955,61.883167,361.9827,133.04593,382,242,4
318.60815,61.69195,359.93933,131.17035,384,241,4
315.92047,61.478535,362.1285,135.35287,383,242,4
316.73926,59.749863,360.989,133.1665,383,240,4
316.19604,60.70849,360.70154,134.79807,383,241,4
316.50027,60.27965,362.78387,133.70444,383,241,4
317.64163,62.20901,361.64856,131.16556,383,243,4
317.1557,63.658188,358.56195,132.11182,383,242,4
318.0875,62.99555,356.4787,130.25089,383,241,4
318.2187,66.04678,354.19183,130.09552,383,243,4
319.49237,65.38,354.85312,127.85303,383,242,4
319.86835,65.03952,355.74103,128.12637,383,242,4
321.0653,66.90913,358.97778,126.7681,384,246,4
321.40674,67.77699,356.9933,126.41385,384,246,4
320.91772,66.96769,356.50674,127.822876,384,245,4
320.16913,65.51015,353.80652,128.40485,384,242,4
319.85278,65.26211,352.86163,129.92163,384,241,4
323.2219,61.558,358.82135,126.081085,386,240,4
323.26114,61.45057,364.2842,126.09619,386,243,4
323.31235,59.942238,360.97876,127.04965,386,240,4
323.06583,60.820126,358.67606,126.92151,386,240,4
321.76294,60.557243,359.7827,129.03586,386,240,4
322.25052,59.133038,361.40662,127.951385,386,239,4
321.70712,57.612705,360.0032,130.48795,386,237,4
321.2556,55.87043,365.29965,129.54013,386,238,4
321.42523,58.935043,357.24817,130.74579,386,237,4
321.91376,59.777943,358.11005,130.22156,387,238,4
321.55664,58.35826,358.0736,131.10046,387,237,4
321.576,56.91094,361.6764,130.7525,386,237,4
322.48254,56.825623,363.53812,128.94025,386,238,4
319.75418,56.38867,361.38385,132.26608,385,237,4
320.42175,56.40591,358.63525,132.00089,386,235,4
320.4158,56.74078,361.86246,131.89352,386,237,4
321.44287,55.97344,362.53632,131.70294,387,237,4
320.04315,55.46801,359.4306,134.01611,387,235,4
320.4161,55.157776,361.42297,133.53085,387,235,4
320.6165,55.553825,365.36575,131.87015,386,238,4
320.72385,56.17085,362.50806,132.4114,386,237,4
320.56827,55.643936,364.59186,132.63144,386,237,4
320.047,56.255363,368.34488,131.87628,385,240,4
320.59402,57.757774,364.70563,131.54553,386,240,4
319.25488,56.499123,365.09854,132.0506,385,239,4
320.14453,56.32141,365.48694,131.47745,385,239,4
318.52817,56.003437,365.20557,133.06589,385,238,4
320.90674,57.52197,365.55536,129.3281,385,240,4
320.2345,56.86293,365.39435,132.065,386,239,4
321.44806,56.66113,364.66388,131.2048,387,238,4
321.26083,56.668324,365.95126,130.35297,386,239,4
322.2357,55.9457,367.17877,129.45108,386,239,4
322.84436,55.24156,369.03748,128.62094,387,239,4
321.5662,56.39139,363.31326,129.66241,386,238,4
320.9876,55.81581,365.52148,130.79242,386,238,4
322.69537,56.7252,362.23563,129.56949,387,237,4
322.1666,56.385,365.27118,129.9703,387,239,4
322.9979,55.207527,364.85556,129.55637,387,237,4
322.92212,57.314445,361.1755,129.76111,387,237,4
323.8438,56.469925,364.00342,129.41397,388,238,4
322.37115,58.080097,360.2552,129.9372,387,238,4
323.53577,59.179302,360.3908,130.30728,388,239,4
322.0608,58.946415,357.33905,130.79123,387,237,4
322.91293,57.3991,364.3224,130.49173,388,239,4
322.5801,56.827156,362.83337,130.61536,387,238,4
323.3224,58.969746,360.05334,131.3128,388,238,4
324.1084,58.396027,360.4241,130.21414,389,238,4
322.42224,58.676064,357.01242,133.01294,388,237,4
325.29822,59.904114,358.0438,130.1507,390,238,4
324.2007,59.100307,359.80957,130.0889,389,239,4
323.54648,57.78149,361.2374,130.70447,388,238,4
323.6775,58.389374,360.539,130.04898,388,238,4
322.43176,58.608814,363.5594,131.84103,388,240,4
322.6621,58.14819,359.8795,131.5633,388,238,4
323.61987,60.21353,355.4795,132.30005,389,237,4
323.46747,58.308807,357.52588,133.02948,389,237,4
324.23825,59.540806,358.05875,131.21835,389,238,4
324.31256,58.97059,358.67166,131.44473,390,238,4
322.95746,58.648983,360.60187,130.4266,388,238,4
323.05573,57.50483,365.158,128.5763,387,240,4
324.40005,59.42595,358.60938,129.43942,389,238,4
323.7112,59.672184,360.55435,129.58426,388,239,4
324.33618,58.578144,362.54318,130.75568,389,239,4
321.87863,61.097904,361.37344,132.92612,388,241,4
321.9511,59.819225,361.60785,132.79071,388,240,4
319.84583,60.054817,361.21326,135.25342,387,240,4
322.00833,60.5176,359.7737,132.62405,388,240,4
323.3636,60.667934,357.85034,131.56882,389,239,4
323.4886,57.666977,356.1621,131.18121,389,235,4
323.60413,57.615208,361.69162,129.41223,388,238,4
323.9364,57.820732,359.69522,129.85812,388,237,4
326.08093,58.88908,358.09015,128.44913,390,237,4
323.14822,58.785095,358.14124,131.97412,389,237,4
323.701,56.831173,361.6677,129.90253,388,237,4
322.33173,56.521828,360.1365,131.77408,388,236,4
323.97186,57.175926,365.62997,128.4523,388,239,4
323.37476,57.473087,359.8037,128.1535,387,237,4
323.13037,56.388786,358.70926,129.53137,387,235,4
325.24994,55.045708,362.8828,127.97806,389,236,4
323.4276,55.41221,361.9259,131.22076,389,236,4
324.27722,54.571053,360.9447,129.46594,389,235,4
325.19476,54.334644,362.84793,129.87054,390,235,4
324.01584,54.93476,361.17267,131.31827,389,235,4
324.3503,57.929504,359.23193,130.94171,389,237,4
325.62534,57.28476,358.81732,129.70886,390,236,4
325.14023,58.545784,358.42365,130.7731,390,237,4
324.80463,59.20529,358.16348,130.7757,390,238,4
324.12616,59.151722,358.71698,131.66315,389,238,4
325.77283,56.84053,360.08777,129.48022,390,236,4
325.061,57.207813,362.90573,128.90036,389,238,4
324.92917,56.96225,361.48373,130.41733,390,237,4
325.77148,57.725945,360.17615,129.30481,390,237,4
323.41412,57.17099,360.48566,132.61572,389,237,4
324.768,56.892986,362.14322,131.2687,390,237,4
321.9732,58.86519,360.94385,133.32034,388,239,4
321.5573,58.222347,360.2291,133.82104,388,238,4
322.79996,57.5264,360.2694,131.65182,388,237,4
321.3178,58.096046,358.86902,132.8299,387,237,4
322.38916,56.918823,360.63242,131.36157,388,237,4
321.8075,57.760605,359.20288,131.6084,387,237,4
321.5066,57.88044,364.69238,131.00732,387,240,4
321.17944,56.045692,364.59396,131.4744,386,238,4
323.12878,57.56956,365.62448,129.99649,388,240,4
322.77362,58.22934,362.2881,131.00143,388,239,4
322.05853,58.332596,362.2702,132.60547,388,239,4
321.93097,60.387882,361.5459,131.3132,387,241,4
321.26562,61.759445,363.23425,132.04492,387,243,4
321.26987,63.572002,362.1207,133.41525,387,244,4
321.08466,63.34658,360.96255,133.84888,388,243,4
322.85553,63.366924,362.7439,132.4029,389,244,4
323.74115,64.7913,360.80035,131.60703,389,245,4
322.47986,64.98864,357.09308,132.12915,388,243,4
320.6172,63.553005,360.97867,134.00684,387,244,4
321.4766,63.25211,363.0681,132.8724,387,244,4
321.922,63.43044,362.85236,131.9794,387,244,4
321.0913,63.752003,360.6603,134.05786,388,244,4
322.70166,64.38037,357.96317,133.42102,389,243,4
320.39545,62.51381,360.24042,134.35669,387,242,4
321.6538,62.95977,360.26614,132.78922,388,243,4
321.81128,61.40754,358.54135,132.27396,387,240,4
322.32724,58.82734,363.4691,130.2114,387,240,4
323.42578,61.19572,357.0808,129.72012,388,239,4
322.7301,59.208496,360.21725,129.7276,387,239,4
321.3686,59.62735,358.83917,130.72412,386,239,4
320.8576,60.454018,354.96786,132.59955,387,237,4
322.9053,58.95441,358.10748,130.1456,387,238,4
321.6421,58.958744,359.25696,130.51321,386,238,4
321.88507,58.593365,361.10532,129.2059,386,239,4
322.84012,59.578087,361.58356,127.41525,386,240,4
322.71735,58.710564,357.96164,128.27313,386,237,4
321.73093,59.378757,360.53668,128.889,386,239,4
321.57745,57.61827,359.7442,128.79504,385,237,4
321.19183,56.93384,362.50977,130.45178,386,238,4
321.2152,56.40325,361.61725,129.53772,385,237,4
322.34778,56.719994,362.56113,128.29977,386,238,4
321.306,57.47698,359.8664,129.94162,386,237,4
322.60046,57.45469,359.90094,130.09998,387,237,4
322.14362,55.269814,363.84473,128.70538,386,237,4
322.27158,57.960304,359.7867,129.17346,386,237,4
321.54034,58.18684,358.21057,130.64001,386,237,4
323.23944,58.41688,360.39868,128.61212,387,238,4
322.91608,56.965984,360.16666,130.14822,387,237,4
321.98517,57.43718,359.97375,131.42511,387,237,4
322.66083,57.569046,358.5832,131.29819,388,236,4
323.0102,59.160503,356.883,131.31107,388,237,4
322.78632,57.353523,360.80698,132.03134,388,237,4
323.6546,58.974667,358.682,131.05667,389,238,4
322.81445,58.135643,361.32474,132.27908,388,238,4
322.5679,60.236908,362.85037,131.84323,388,241,4
324.12592,61.702496,361.45007,130.57428,389,242,4
323.09747,62.36837,359.13806,132.1073,389,241,4
322.39914,61.907043,363.95227,133.43057,389,243,4
322.64224,62.98047,359.86386,133.39566,389,242,4
322.72537,62.12032,360.0042,134.34518,389,242,4
322.58453,63.03689,358.2981,133.64069,389,242,4
322.50018,61.534767,360.5198,133.887,389,241,4
322.13455,61.57,361.6459,134.02145,389,242,4
323.51712,62.03619,358.52246,132.43863,389,241,4
322.81268,61.7595,359.7583,132.88068,389,241,4
324.3536,63.70723,357.5166,132.14218,390,242,4
324.15314,62.966236,357.9307,133.56738,390,241,4
324.1543,59.49141,362.0058,132.87097,390,240,4
324.35013,61.14866,358.49625,134.56192,391,240,4
325.7529,60.117016,363.099,132.44592,391,241,4
325.23737,59.509735,361.24387,133.89307,392,240,4
324.9627,61.0845,357.5035,135.63092,392,239,4
326.26782,60.82911,358.99454,135.40909,393,240,4
326.44427,60.507805,358.93265,135.5924,394,239,4
327.65778,59.66862,362.63187,133.91635,394,240,4
327.15073,60.000744,361.75366,136.587,395,240,4
329.00327,59.18209,364.8336,135.04611,396,241,4
326.9766,60.23578,361.59302,137.16751,395,241,4
327.68066,60.143524,362.25928,138.22568,396,241,4
329.14243,60.962505,365.1316,137.02597,397,243,4
329.50168,61.069695,364.5464,136.78745,397,243,4
328.3731,59.520294,365.2826,137.73865,397,242,4
327.22687,60.355953,363.5111,139.91531,397,242,4
328.24957,59.367542,364.61304,139.59235,398,241,4
328.04507,59.75518,365.89273,139.4451,397,242,4
327.885,60.088608,363.03363,140.29077,398,241,4
329.65674,59.69557,365.95862,137.20029,398,242,4
330.94293,60.551647,367.0738,136.95636,399,244,4
329.3359,60.852615,367.34412,137.298,397,244,4
329.15887,62.381744,363.41052,138.55707,398,244,4
328.33124,62.99828,363.30923,139.93842,398,244,4
328.9724,61.721405,367.33322,137.68106,397,245,4
330.1073,60.92052,366.16812,136.73965,398,244,4
328.63068,62.11647,365.85956,139.09735,398,245,4
329.72357,61.298706,364.7826,137.56644,398,243,4
327.3286,62.414047,362.47638,141.05045,397,243,4
328.53516,60.153496,367.2944,139.57172,398,243,4
326.99295,61.1062,367.42136,142.36813,398,244,4
329.0952,62.5594,364.40384,139.70303,398,244,4
327.07123,60.954178,364.95105,142.4201,398,243,4
327.43982,60.256477,366.84076,140.93048,397,243,4
328.03503,61.167427,366.12177,140.38086,398,244,4
328.62332,59.623863,367.38126,140.21423,398,243,4
326.9678,62.073296,365.2047,141.13638,397,244,4
328.35345,61.634933,363.96545,140.086,398,243,4
329.64655,60.765797,368.52563,138.23303,398,245,4
327.23035,60.935326,367.1961,140.48376,397,244,4
328.2872,59.0509,368.14038,139.79678,398,243,4
327.30798,61.69975,361.816,140.41785,397,242,4
327.91284,61.161606,365.38617,139.50308,397,243,4
328.50128,60.836205,364.81155,137.75415,397,243,4
327.74042,61.99486,362.1568,139.90857,397,243,4
327.64496,60.229095,364.52026,139.75314,397,242,4
327.7983,60.437996,362.81497,139.35211,397,241,4
329.0073,60.302982,363.7475,138.17487,398,242,4
327.76282,60.357613,362.99185,139.63434,397,241,4
327.3626,60.451553,360.82336,141.16504,397,240,4
327.0584,60.01103,361.62222,140.54562,397,240,4
328.03607,59.235462,360.85568,139.63928,397,239,4
327.40265,59.60235,363.28497,139.96783,397,241,4
330.8051,56.3888,365.6883,135.55695,398,239,4
329.6325,58.75786,362.79065,137.16089,398,240,4
328.07812,58.477005,361.42822,139.73486,397,239,4
328.73486,59.00757,363.20367,138.75208,398,240,4
328.67648,57.58461,363.29376,138.83984,398,239,4
330.05487,58.636395,366.01523,136.83188,398,241,4
328.56754,58.064617,363.58627,138.71277,397,239,4
327.24243,56.931526,363.4076,140.93417,397,238,4
329.8687,56.851746,367.52573,137.10541,398,240,4
330.86606,59.077003,362.8939,136.63388,399,240,4
329.6682,57.357246,364.86734,138.19281,398,239,4
326.88412,58.958744,364.57492,141.92783,397,241,4
328.46167,58.44838,364.4704,139.63571,398,240,4
329.3011,59.96162,365.11322,138.86575,398,242,4
328.1694,59.250713,365.33466,140.73111,398,241,4
328.34598,58.79399,362.77393,140.43796,398,240,4
328.89624,57.90931,365.2984,138.72336,398,240,4
328.23718,58.29354,363.27786,140.87262,398,239,4
327.6096,56.894245,363.49402,140.26318,397,238,4
327.86423,58.5779,361.17563,139.85135,397,239,4
328.70294,57.33025,365.7407,138.7052,398,240,4
329.38278,56.489338,364.93692,137.4274,398,238,4
330.0913,58.459354,365.30106,137.2862,398,241,4
330.0241,59.35049,362.02554,138.24582,399,240,4
330.30307,56.76035,366.62024,136.7308,398,240,4
330.65598,57.448196,365.86798,136.1322,398,240,4
329.9156,57.58066,364.42398,136.57779,398,239,4
329.34106,57.36451,364.06213,137.27307,397,239,4
329.00116,57.825924,363.6234,137.81293,397,239,4
329.1145,58.958847,362.91833,139.30096,398,240,4
328.15952,58.79259,363.54166,139.95474,398,240,4
329.60364,58.56172,367.12854,137.89294,398,242,4
327.94727,57.42149,367.20993,139.47742,397,241,4
327.3437,57.098824,370.3121,140.2763,397,242,4
328.55103,60.569443,368.53992,139.51291,398,244,4
328.8653,61.256447,370.64804,139.83316,398,246,4
328.5921,61.661182,367.69666,140.63852,398,245,4
328.61237,61.58831,368.37555,140.66495,398,245,4
329.65317,61.1256,366.86667,138.81226,399,244,4
329.13464,60.49995,372.44098,139.37018,398,246,4
327.56882,61.326912,368.39368,140.86853,398,245,4
328.7593,62.487732,364.9302,140.90732,399,244,4
330.03864,59.032143,371.448,139.95096,400,244,4
328.3634,60.397766,370.84796,141.5802,399,245,4
327.79782,60.196667,367.9643,141.0509,398,244,4
327.9074,59.422386,368.77777,140.37173,398,243,4
329.26123,60.1278,366.70135,138.16931,398,243,4
328.35425,62.28988,367.14395,140.21533,398,245,4
328.1462,61.37378,367.46573,140.92184,398,245,4
327.90036,61.114124,366.21506,141.86649,398,244,4
328.2617,60.858047,364.75323,141.43005,398,243,4
327.4571,59.474014,367.78302,141.16199,398,243,4
327.51422,58.80644,369.20004,140.17743,397,243,4
327.85934,56.851658,372.8459,139.47458,397,243,4
328.68195,58.244217,368.1468,139.9863,398,242,4
327.06757,62.253242,367.596,140.87039,397,246,4
327.18243,58.653572,369.27716,140.65903,397,243,4
327.43518,59.531994,367.19794,141.39087,398,243,4
328.66336,59.35936,367.79327,139.2724,398,243,4
328.73047,60.65542,366.04092,139.29852,398,243,4
327.33905,61.284428,363.63535,140.74673,397,243,4
329.30237,59.901966,368.66986,138.41882,398,244,4
329.0251,60.269123,368.26834,138.98703,398,244,4
329.0598,59.53726,368.00275,139.53885,398,243,4
328.33524,62.349457,366.50702,139.60544,398,245,4
329.58563,61.42117,368.13733,138.70776,398,245,4
328.903,61.203075,367.74936,139.46555,398,245,4
328.50934,61.91717,366.19687,138.84784,397,245,4
330.17624,63.223328,362.82602,137.96753,399,244,4
328.1149,61.792862,369.39575,140.33273,398,246,4
329.7815,61.2871,367.46304,138.0823,398,245,4
330.5614,59.972004,370.11887,136.84009,398,245,4
329.27646,62.501366,364.4793,137.97577,398,244,4
327.9613,62.442356,369.16254,140.34692,398,247,4
328.97656,63.027794,369.1524,138.45697,398,247,4
328.54462,62.370285,367.1908,138.75095,397,245,4
328.3402,62.194664,368.20914,139.67651,398,246,4
328.8747,61.226707,371.00775,138.04913,397,246,4
329.80942,64.901634,365.31616,137.26031,398,247,4
328.5797,63.72953,366.17752,138.51743,397,246,4
329.29297,62.99027,368.9318,137.97147,398,247,4
329.20377,62.380844,368.6272,137.26413,397,246,4
329.10913,62.27569,369.64673,137.51337,397,247,4
329.60083,59.590515,373.7771,137.2248,398,246,4
327.18573,61.805565,367.44196,139.50446,396,245,4
329.59576,60.81436,368.09595,136.31381,397,244,4
327.57385,61.46782,367.45337,139.28006,397,245,4
329.04263,59.192677,369.53156,137.46567,397,243,4
329.41586,55.979404,373.13513,136.5769,397,242,4
328.88464,58.793636,370.5794,136.57672,397,244,4
330.16312,61.669563,365.04556,134.4469,397,244,4
329.7696,60.873787,366.35977,134.67648,397,244,4
328.40393,60.934338,365.7405,135.93597,396,243,4
330.78397,62.962173,362.7091,132.34302,396,244,4
328.19046,61.505486,362.8345,135.05032,395,242,4
327.98468,61.096157,365.1153,134.65399,395,243,4
329.2778,63.023544,363.05096,134.07327,396,244,4
330.1433,60.446033,368.841,131.31824,395,244,4
330.07645,61.730247,364.43793,129.94965,395,243,4
329.67236,59.78046,364.94373,131.2078,395,242,4
329.10812,59.669365,363.7479,130.6036,394,241,4
329.68036,61.19249,365.3459,128.33441,393,243,4
327.04822,61.355495,362.0657,131.8942,392,242,4
326.5991,61.598755,363.39893,131.50424,392,243,4
326.5521,62.321377,364.10712,131.5657,392,244,4
325.84918,63.56006,362.2491,131.17395,391,244,4
323.8487,62.869705,360.83148,131.51297,389,243,4
324.68512,62.710804,361.01917,129.53888,389,243,4
324.7148,64.94862,359.8451,127.948395,388,244,4
324.02417,64.65696,358.8577,128.57043,388,244,4
323.2389,63.4758,360.5198,130.1145,388,243,4
324.45877,60.97923,363.4647,127.260345,388,242,4
324.28882,64.22038,359.07294,128.58789,388,243,4
322.30057,64.20835,360.30972,129.31601,386,244,4
322.4807,61.90467,362.7405,128.73932,386,243,4
321.6139,61.020084,362.73657,129.41418,386,242,4
321.0705,62.28836,361.93732,129.78311,385,243,4
321.5061,59.2732,370.5255,129.09137,386,244,4
320.97583,61.177452,364.09125,128.08334,385,243,4
320.03412,63.166267,359.46017,130.41675,385,242,4
319.8452,63.094612,360.7977,129.64722,384,243,4
319.13855,61.744236,363.9801,131.1394,384,243,4
318.065,62.81659,359.60208,130.56064,383,242,4
317.43243,62.364365,363.08667,130.48288,382,243,4
317.0329,61.462997,363.59827,131.06036,382,243,4
317.605,60.52025,365.18414,130.31516,382,243,4
317.1714,61.594448,362.62463,130.25897,382,242,4
314.912,60.70915,362.20984,133.20663,381,241,4
315.6482,61.3796,364.39023,131.50183,381,243,4
316.6069,62.673225,361.25885,131.55661,382,243,4
316.10736,62.917572,362.2761,130.11145,381,244,4
316.0242,59.55494,365.23065,130.89871,381,242,4
315.00696,60.0003,364.87384,130.42065,380,242,4
314.1366,59.053543,368.66858,130.64069,379,243,4
314.99435,60.292084,371.90878,129.11682,379,246,4
311.59396,61.610855,370.13867,129.98926,376,246,4
310.9315,63.05689,364.44363,129.15674,375,245,4
309.90262,63.980057,366.05328,128.2814,374,247,4
309.35153,67.656715,363.36728,129.49213,374,249,4
308.77133,67.632996,362.54648,128.11664,372,248,4
307.47983,66.41901,361.54367,129.14603,372,247,4
308.26678,68.07073,362.8966,128.05524,372,249,4
307.39642,66.77935,363.65817,128.43402,371,248,4
305.71835,67.69681,360.62457,129.41528,370,248,4
306.46252,66.788605,361.20197,129.77615,371,247,4
305.6392,67.00835,362.10822,130.3807,370,248,4
305.85138,64.99796,359.6724,129.99329,370,244,4
304.39938,65.3405,361.6136,131.56403,370,246,4
304.3771,65.356094,360.54614,130.70624,369,245,4
304.45963,64.29292,363.04596,129.22678,369,245,4
303.81042,64.64261,361.7727,130.475,369,245,4
304.50714,63.073654,361.81042,129.75305,369,243,4
303.37872,60.215206,362.49854,130.54858,368,241,4
303.51093,57.67492,363.69992,130.34167,368,239,4
302.30817,58.734585,364.5268,132.57098,368,240,4
303.60962,60.658707,362.2765,130.26038,368,241,4
302.66263,62.256817,360.29053,131.3323,368,242,4
301.9529,62.205906,365.36752,130.53812,367,244,4
302.08823,62.043602,364.80377,130.80237,367,244,4
302.15417,62.445175,363.44214,131.5274,367,244,4
303.53674,60.321392,362.86392,130.0545,368,241,4
303.18195,60.853073,363.07648,128.74142,367,242,4
304.65735,61.491436,360.69354,127.61728,368,241,4
302.57315,62.32209,361.29904,130.20078,367,242,4
303.3234,62.193733,359.96783,129.59549,368,242,4
303.9689,62.45765,361.98923,127.01517,367,243,4
303.36792,63.409122,359.71146,129.03458,367,243,4
305.43674,63.58532,359.36438,126.02634,368,243,4
305.28528,63.73119,357.85815,125.795105,368,242,4
305.57065,62.77395,358.35147,125.159454,368,241,4
306.17795,63.069046,361.56274,124.03726,368,243,4
305.6239,62.021713,360.17645,124.57855,367,242,4
304.55194,62.91617,355.0615,124.920105,367,240,4
304.48096,63.2248,359.45322,124.641815,366,242,4
304.04285,62.285812,360.77167,125.46344,366,242,4
306.20163,63.86583,357.5578,122.44446,367,242,4
306.55743,63.975548,355.9824,122.79755,367,241,4
306.13837,65.12978,356.44986,122.65399,367,243,4
308.0326,64.16882,359.65582,121.19467,368,243,4
305.92398,64.34661,357.5914,123.451324,367,243,4
306.51477,66.21998,356.18616,122.27844,367,244,4
307.55124,66.06302,356.3931,121.88205,368,244,4
306.64154,65.81618,357.1745,123.427185,368,244,4
308.0499,65.723976,360.91754,121.22565,368,246,4
309.4259,67.91063,356.37592,119.10596,368,246,4
308.83902,66.47384,356.40283,120.92624,369,244,4
307.80338,66.57751,357.44565,122.6449,369,245,4
309.2556,67.25668,356.86743,121.58765,370,245,4
308.79092,67.40969,356.21277,121.15747,369,245,4
308.10376,67.496864,355.51947,123.16943,369,245,4
308.37997,67.054665,356.8685,120.0997,368,245,4
305.36044,66.38713,355.7027,124.208496,367,244,4
305.73285,66.21008,357.98178,124.812775,368,245,4
307.26184,68.86291,355.66977,123.332275,368,246,4
308.1017,67.55158,356.69037,121.00015,368,245,4
306.04062,67.398834,358.40973,124.48654,368,246,4
306.02863,66.533806,357.88083,124.21039,368,245,4
304.7665,64.5726,360.2029,125.5556,367,244,4
305.04575,65.82802,360.31177,126.49567,368,245,4
307.03857,66.704865,355.24658,123.36151,368,244,4
308.57843,68.20708,357.0227,120.6423,368,246,4
307.04083,68.59331,356.8261,122.70917,368,247,4
306.82782,67.61729,359.76038,124.08316,368,247,4
306.27948,68.78121,359.56082,123.474976,368,248,4
305.57693,68.43518,362.50925,126.81259,368,249,4
306.4834,70.224495,357.19867,126.38635,369,248,4
308.87015,69.73341,357.2058,125.138336,371,248,4
308.7702,70.83381,356.0828,123.57086,370,248,4
308.45285,70.65919,352.04083,122.1015,369,246,4
306.49948,68.1667,356.33582,124.5809,368,246,4
306.88037,68.23537,353.96906,123.97446,368,245,4
308.8328,67.04135,356.6489,122.911285,370,245,4
307.92874,68.77082,353.58896,122.187195,369,245,4
306.7103,66.98093,359.38327,123.56607,368,246,4
306.97156,69.11409,358.83783,124.6814,369,248,4
307.30728,70.2569,357.26187,124.28818,369,248,4
306.29443,69.09745,359.59402,127.661224,370,248,4
309.6326,69.39135,359.85794,122.888306,371,249,4
310.77927,71.67991,359.24765,122.24344,371,251,4
309.8,71.46126,358.48438,123.61511,371,250,4
304.80695,69.15719,363.08972,128.67435,369,250,4
306.32828,68.92987,358.35635,127.36893,370,248,4
306.15207,67.15233,361.68524,126.81268,369,247,4
306.54688,67.186386,360.07874,125.13571,369,247,4
308.3766,66.301735,359.53137,120.74313,368,246,4
306.918,65.125336,360.38928,122.20001,368,245,4
305.0548,65.363716,359.12576,123.811646,366,244,4
304.8544,65.65008,359.15512,124.853424,367,245,4
303.98676,64.79537,360.00186,126.253784,367,244,4
303.9375,64.09241,357.3209,125.29895,366,242,4
300.93033,63.601944,361.02765,127.19864,364,244,4
301.75482,65.71382,360.05695,124.984436,364,245,4
300.57462,63.356953,363.42227,128.08234,364,245,4
301.11667,63.20396,365.25168,127.4512,364,245,4
299.6578,64.450134,361.77322,128.19492,363,245,4
302.1321,65.23919,365.14908,125.732025,364,247,4
300.74207,64.70059,358.21188,125.7446,363,243,4
304.8301,65.714096,356.31158,124.51929,367,243,4
305.7829,63.576538,357.6367,123.819916,367,242,4
304.85355,62.140617,364.1539,124.59314,367,244,4
302.0953,61.69719,363.49854,125.58957,364,243,4
302.6679,63.33924,359.73227,127.04355,366,243,4
302.84256,61.389027,362.75674,125.24832,365,242,4
303.5889,62.103725,360.95676,125.079895,366,242,4
303.79926,61.44449,365.42728,125.40546,366,244,4
302.44788,62.42051,364.54153,126.45639,365,244,4
302.94104,63.00848,363.83994,127.23627,366,244,4
302.72678,62.045517,367.3824,126.31778,365,245,4
302.96582,61.171318,368.09296,126.652405,366,245,4
303.6908,62.652626,368.84778,126.85028,367,247,4
300.15323,67.201164,367.59686,129.66425,364,250,4
301.48096,66.14257,365.8698,129.01196,365,249,4
302.61197,67.15774,366.1117,127.121124,366,250,4
302.33792,65.93216,367.10574,127.60129,366,249,4
303.1622,67.27488,365.09775,127.30832,366,249,4
303.7053,67.10479,369.12448,125.7106,366,251,4
303.08258,65.86696,368.74628,127.88391,367,250,4
300.66925,68.950096,363.24466,129.3393,365,250,4
301.72073,67.09483,366.1607,127.87277,365,250,4
302.9502,66.90667,369.91312,127.48749,366,251,4
304.2556,68.376274,363.67548,125.82388,367,250,4
301.87653,68.672134,363.25513,128.58398,366,250,4
302.07135,70.20803,364.94003,128.8064,366,252,4
303.71918,69.24864,359.23712,125.50104,366,248,4
302.92578,67.404854,360.75885,127.714935,366,247,4
303.13574,68.12645,360.86426,127.75409,367,248,4
301.31604,66.78443,361.808,130.21225,366,247,4
300.68777,65.766136,362.14423,130.05136,365,246,4
300.79688,67.16806,359.88144,129.99866,365,247,4
303.66275,65.66731,359.44562,126.47403,366,245,4
302.81998,66.90162,361.1248,127.15378,366,247,4
304.36923,67.68963,360.07523,126.08978,367,247,4
304.76913,71.87375,354.4409,126.98639,368,249,4
304.67,76.33479,348.95862,128.01862,368,250,4
305.55615,74.986626,349.7245,128.74945,369,249,4
303.6114,77.19954,349.6189,131.47787,369,252,4
303.27975,78.11822,344.74347,132.2208,369,250,4
302.0951,78.739456,344.05212,132.97464,368,250,4
302.59097,78.18533,348.14606,131.89954,368,252,4
300.01288,77.39196,349.77762,135.04608,367,252,4
299.45752,77.64916,353.7966,134.63184,366,254,4
300.31558,77.21393,348.48145,133.13156,366,251,4
301.06067,73.94801,351.76355,132.7237,367,249,4
301.01642,74.691895,355.00058,132.9927,367,252,4
300.48474,75.56983,361.569,134.73877,367,256,4
300.37497,76.44576,359.75485,136.0311,368,256,4
300.26624,75.647675,370.00717,137.70752,369,260,4
301.25748,76.48253,372.72522,137.83243,370,262,4
302.9124,75.99183,375.6308,137.60388,371,263,4
308.11588,76.04158,377.22156,133.26376,374,264,4
312.82474,74.00139,378.68268,130.14609,377,263,4
317.65506,72.24987,379.4538,127.615906,381,261,4
317.43307,75.66197,375.469,129.79791,382,263,4
323.51385,71.65887,386.31744,126.01376,386,264,4
322.3697,68.83867,393.39136,131.02765,387,265,4
